{
  "menu": {
    "main": [
      { "name": "Accueil", "slug": "/" },
      { "name": "À propos de nous", "slug": "/about" },
      { "name": "Pourquoi l'Inde", "slug": "/why-india" },
      {
        "name": "Hôpitaux",
        "slug": "/hospitals",
        "highlight": "Accrédité JCI",
        "type": "dropdown",
        "key": "hospitals"
      },
      { "name": "Médecins", "slug": "/doctors" },
      {
        "name": "Traitements",
        "slug": "/treatments",
        "type": "dropdown",
        "key": "treatments"
      },
      { "name": "Patients internationaux", "slug": "/international-patients" },
      { "name": "Solutions de santé IA", "slug": "/services/ai-solutions" },
      { "name": "Équipement médical", "slug": "/equipment" },
      { "name": "Devenez partenaire", "slug": "/partner-with-us" },
      { "name": "Tourisme et loisirs", "slug": "/tourism-leisure" }
    ],
    "treatments": [
      { "name": "Sciences cardiaques", "slug": "/treatments/cardiac" },
      { "name": "Neurosciences", "slug": "/treatments/neurosurgery" },
      {
        "name": "Orthopédie et remplacement articulaire",
        "slug": "/treatments/orthopedics"
      },
      { "name": "Oncologie (Soins du cancer)", "slug": "/treatments/oncology" },
      { "name": "Greffe de moelle osseuse", "slug": "/treatments/bmt" },
      {
        "name": "Transplantation d'organes",
        "slug": "/treatments/organ-transplant"
      },
      {
        "name": "Gastro-entérologie et hépatologie",
        "slug": "/treatments/gastroenterology"
      },
      {
        "name": "Gynécologie et santé des femmes",
        "slug": "/treatments/gynecology"
      },
      {
        "name": "Pédiatrie et chirurgie pédiatrique",
        "slug": "/treatments/pediatrics"
      },
      {
        "name": "Chirurgie laparoscopique",
        "slug": "/treatments/laparoscopic"
      },
      { "name": "Chirurgie robotique", "slug": "/treatments/robotic" },
      {
        "name": "Ophtalmologie (Soins oculaires)",
        "slug": "/treatments/ophthalmology"
      },
      {
        "name": "Soins dentaires et dentisterie esthétique",
        "slug": "/treatments/dental"
      },
      {
        "name": "Chirurgie esthétique, cosmétique et plastique",
        "slug": "/treatments/aesthetic"
      },
      {
        "name": "Santé mentale et bien-être",
        "slug": "/treatments/mental-health"
      },
      {
        "name": "Diagnostic et imagerie avancée",
        "slug": "/treatments/diagnostics"
      },
      {
        "name": "Réadaptation et récupération",
        "slug": "/treatments/rehabilitation"
      },
      {
        "name": "Ayurveda et bien-être holistique",
        "slug": "/treatments/ayurveda"
      }
    ],
    "hospitals": [
      { "name": "Asian Hospital", "slug": "/hospitals/asian-hospital-delhi" },
      { "name": "Marengo Asia Hospital, Gurgaon", "slug": "/hospitals/marengo-asia-hospital-gurgaon" },
      { "name": "Indraprastha Apollo Hospital", "slug": "/hospitals/indraprastha-apollo-hospital-new-delhi" },
      { "name": "Fortis Hospital Gurgaon", "slug": "/hospitals/fortis-hospital-gurgaon" },
      { "name": "Max Hospital Saket", "slug": "/hospitals/max-hospital-saket" },
      { "name": "BLK Max Hospital Pusa Road", "slug": "/hospitals/blk-max-hospital-pusa-road" },
      { "name": "Medanta Hospital, Gurgaon", "slug": "/hospitals/medanta-hospital-gurgaon" },
      { "name": "Neelkanth Maternity & IVF Hospital", "slug": "/hospitals/neelkanth-maternity-ivf-hospital-gurgaon" },
      { "name": "Manipal Hospital Dwarka", "slug": "/hospitals/manipal-hospital-dwarka" },
      { "name": "Apollo Hospital Greams Road", "slug": "/hospitals/apollo-hospital-greams-road-chennai" },
      { "name": "Stem Rx Hospital", "slug": "/hospitals/stem-rx-hospital-mumbai" },
      { "name": "Apollo Hospital Mumbai", "slug": "/hospitals/apollo-hospital-mumbai" },
      { "name": "Fortis Hospital Mumbai", "slug": "/hospitals/fortis-hospital-mumbai" },
      { "name": "TX Hospital", "slug": "/hospitals/tx-hospital-hyderabad" },
      { "name": "Apollo Hospital Hyderabad", "slug": "/hospitals/apollo-hospital-hyderabad" },
      { "name": "Memorial Hospital", "slug": "/hospitals/memorial-hospital-turkey" },
      { "name": "Bumrungrad Hospital", "slug": "/hospitals/bumrungrad-hospital-thailand" },
      { "name": "Nepal Mediciti", "slug": "/hospitals/nepal-mediciti" }
    ]
  }
}
