{
  "menu": {
    "main": [
      { "name": "الرئيسية", "slug": "/" },
      { "name": "من نحن", "slug": "/about" },
      { "name": "لماذا الهند", "slug": "/why-india" },
      {
        "name": "المستشفيات",
        "slug": "/hospitals",
        "highlight": "معتمد من JCI",
        "type": "dropdown",
        "key": "hospitals"
      },
      { "name": "الأطباء", "slug": "/doctors" },
      {
        "name": "العلاجات",
        "slug": "/treatments",
        "type": "dropdown",
        "key": "treatments"
      },
      { "name": "المرضى الدوليون", "slug": "/international-patients" },
      {
        "name": "حلول الرعاية الصحية بالذكاء الاصطناعي",
        "slug": "/services/ai-solutions"
      },
      { "name": "المعدات الطبية", "slug": "/equipment" },
      { "name": "كن شريكاً معنا", "slug": "/partner-with-us" },
      { "name": "السياحة والترفيه", "slug": "/tourism-leisure" }
    ],
    "treatments": [
      { "name": "علوم القلب", "slug": "/treatments/cardiac" },
      { "name": "علوم الأعصاب", "slug": "/treatments/neurosurgery" },
      {
        "name": "جراحة العظام واستبدال المفاصل",
        "slug": "/treatments/orthopedics"
      },
      { "name": "علم الأورام (رعاية السرطان)", "slug": "/treatments/oncology" },
      { "name": "زراعة نخاع العظم", "slug": "/treatments/bmt" },
      { "name": "زراعة الأعضاء", "slug": "/treatments/organ-transplant" },
      {
        "name": "أمراض الجهاز الهضمي والكبد",
        "slug": "/treatments/gastroenterology"
      },
      { "name": "طب النساء وصحة المرأة", "slug": "/treatments/gynecology" },
      { "name": "طب الأطفال وجراحة الأطفال", "slug": "/treatments/pediatrics" },
      { "name": "جراحة بالمنظار", "slug": "/treatments/laparoscopic" },
      { "name": "الجراحة الروبوتية", "slug": "/treatments/robotic" },
      { "name": "طب العيون", "slug": "/treatments/ophthalmology" },
      {
        "name": "رعاية الأسنان وطب الأسنان التجميلي",
        "slug": "/treatments/dental"
      },
      { "name": "جراحة التجميل والجمال", "slug": "/treatments/aesthetic" },
      { "name": "الصحة النفسية والعافية", "slug": "/treatments/mental-health" },
      { "name": "التشخيص والتصوير المتقدم", "slug": "/treatments/diagnostics" },
      {
        "name": "إعادة التأهيل والتعافي",
        "slug": "/treatments/rehabilitation"
      },
      {
        "name": "العلاج بالأيورفيدا والعافية الشاملة",
        "slug": "/treatments/ayurveda"
      }
    ],
    "hospitals": [
      { "name": "مستشفى آسيان", "slug": "/hospitals/asian-hospital-delhi" },
      {
        "name": "مستشفى مارينغو آسيا، جورجاون",
        "slug": "/hospitals/marengo-asia-hospital-gurgaon"
      },
      {
        "name": "مستشفى إندرابراستا أبولو",
        "slug": "/hospitals/indraprastha-apollo-hospital-new-delhi"
      },
      {
        "name": "مستشفى فورتيس جورجاون",
        "slug": "/hospitals/fortis-hospital-gurgaon"
      },
      { "name": "مستشفى ماكس ساكيت", "slug": "/hospitals/max-hospital-saket" },
      {
        "name": "مستشفى BLK ماكس بوسا رود",
        "slug": "/hospitals/blk-max-hospital-pusa-road"
      },
      {
        "name": "مستشفى ميدانتا، جورجاون",
        "slug": "/hospitals/medanta-hospital-gurgaon"
      },
      {
        "name": "مستشفى نيلكانث للولادة وأطفال الأنابيب",
        "slug": "/hospitals/neelkanth-maternity-ivf-hospital-gurgaon"
      },
      {
        "name": "مستشفى مانipal دواركا",
        "slug": "/hospitals/manipal-hospital-dwarka"
      },
      {
        "name": "مستشفى أبولو جريمز رود",
        "slug": "/hospitals/apollo-hospital-greams-road-chennai"
      },
      {
        "name": "مستشفى ستيم آر إكس",
        "slug": "/hospitals/stem-rx-hospital-mumbai"
      },
      {
        "name": "مستشفى أبولو مومباي",
        "slug": "/hospitals/apollo-hospital-mumbai"
      },
      {
        "name": "مستشفى فورتيس مومباي",
        "slug": "/hospitals/fortis-hospital-mumbai"
      },
      { "name": "مستشفى TX", "slug": "/hospitals/tx-hospital-hyderabad" },
      {
        "name": "مستشفى أبولو حيدر أباد",
        "slug": "/hospitals/apollo-hospital-hyderabad"
      },
      {
        "name": "مستشفى ميموريال",
        "slug": "/hospitals/memorial-hospital-turkey"
      },
      {
        "name": "مستشفى بومرونجراد",
        "slug": "/hospitals/bumrungrad-hospital-thailand"
      },
      { "name": "نيبال ميديسيتي", "slug": "/hospitals/nepal-mediciti" }
    ]
  }
}
