{
  "menu": {
    "main": [
      { "name": "Home", "slug": "/" },
      { "name": "About Us", "slug": "/about" },
      { "name": "Why India", "slug": "/why-india" },
      {
        "name": "Hospitals",
        "slug": "/hospitals",
        "type": "dropdown",
        "key": "hospitals"
      },
      { "name": "Doctors", "slug": "/doctors" },
      {
        "name": "Treatments",
        "slug": "/treatments",
        "type": "dropdown",
        "key": "treatments"
      },
      { "name": "International Patients", "slug": "/international-patients" },
      { "name": "AI Healthcare Solutions", "slug": "/services/ai-solutions" },
      { "name": "Medical Equipment", "slug": "/equipment" },
      { "name": "Partner With Us", "slug": "/partner-with-us" },
      { "name": "Tourism & Leisure", "slug": "/tourism-leisure" }
    ],
    "treatments": [
      { "name": "Cardiac Sciences", "slug": "/treatments/cardiac" },
      { "name": "Neurosciences", "slug": "/treatments/neurosurgery" },
      {
        "name": "Orthopedics & Joint Replacement",
        "slug": "/treatments/orthopedics"
      },
      { "name": "Oncology (Cancer Care)", "slug": "/treatments/oncology" },
      { "name": "Bone Marrow Transplant (BMT)", "slug": "/treatments/bmt" },
      {
        "name": "Organ Transplantation",
        "slug": "/treatments/organ-transplant"
      },
      {
        "name": "Gastroenterology & Hepatology",
        "slug": "/treatments/gastroenterology"
      },
      {
        "name": "Gynecology & Women's Health",
        "slug": "/treatments/gynecology"
      },
      {
        "name": "Paediatrics & Paediatric Surgery",
        "slug": "/treatments/pediatrics"
      },
      { "name": "Laparoscopic Surgery", "slug": "/treatments/laparoscopic" },
      { "name": "Robotic Surgery", "slug": "/treatments/robotic" },
      {
        "name": "Ophthalmology (Eye Care)",
        "slug": "/treatments/ophthalmology"
      },
      {
        "name": "Dental Care & Cosmetic Dentistry",
        "slug": "/treatments/dental"
      },
      {
        "name": "Aesthetic, Cosmetic & Plastic Surgery",
        "slug": "/treatments/aesthetic"
      },
      {
        "name": "Mental Health & Wellness",
        "slug": "/treatments/mental-health"
      },
      {
        "name": "Diagnostics & Advanced Imaging",
        "slug": "/treatments/diagnostics"
      },
      {
        "name": "Rehabilitation & Recovery",
        "slug": "/treatments/rehabilitation"
      },
      { "name": "Ayurveda & Holistic Wellness", "slug": "/treatments/ayurveda" }
    ],
    "hospitals": [
      { "name": "Asian Hospital", "slug": "/hospitals/asian-hospital-delhi" },
      {
        "name": "Marengo Asia Hospital, Gurgaon",
        "slug": "/hospitals/marengo-asia-hospital-gurgaon"
      },
      {
        "name": "Indraprastha Apollo Hospital",
        "slug": "/hospitals/indraprastha-apollo-hospital-new-delhi"
      },
      {
        "name": "Fortis Hospital Gurgaon",
        "slug": "/hospitals/fortis-hospital-gurgaon"
      },
      { "name": "Max Hospital Saket", "slug": "/hospitals/max-hospital-saket" },
      {
        "name": "BLK Max Hospital Pusa Road",
        "slug": "/hospitals/blk-max-hospital-pusa-road"
      },
      {
        "name": "Medanta Hospital, Gurgaon",
        "slug": "/hospitals/medanta-hospital-gurgaon"
      },
      {
        "name": "Neelkanth Maternity & IVF Hospital",
        "slug": "/hospitals/neelkanth-maternity-ivf-hospital-gurgaon"
      },
      {
        "name": "Manipal Hospital Dwarka",
        "slug": "/hospitals/manipal-hospital-dwarka"
      },
      {
        "name": "Apollo Hospital Greams Road",
        "slug": "/hospitals/apollo-hospital-greams-road-chennai"
      },
      {
        "name": "Stem Rx Hospital",
        "slug": "/hospitals/stem-rx-hospital-mumbai"
      },
      {
        "name": "Apollo Hospital Mumbai",
        "slug": "/hospitals/apollo-hospital-mumbai"
      },
      {
        "name": "Fortis Hospital Mumbai",
        "slug": "/hospitals/fortis-hospital-mumbai"
      },
      { "name": "TX Hospital", "slug": "/hospitals/tx-hospital-hyderabad" },
      {
        "name": "Apollo Hospital Hyderabad",
        "slug": "/hospitals/apollo-hospital-hyderabad"
      },
      {
        "name": "Memorial Hospital",
        "slug": "/hospitals/memorial-hospital-turkey"
      },
      {
        "name": "Bumrungrad Hospital",
        "slug": "/hospitals/bumrungrad-hospital-thailand"
      },
      { "name": "Nepal Mediciti", "slug": "/hospitals/nepal-mediciti" }
    ]
  }
}
